"Sample","qacE_1_X68232","aadA11_2_AJ567827","aadA10_2_AM087405","aadA2_1_NC_010870","aph(6)-Id_1_M28829","ant(2'')-Ia_13_DQ176450","aph(3')-Ia_7_X62115","aac(3)-IIa_1_X51534","ant(3'')-Ia_1_X02340","aadA5_1_AF137361","aadA7_1_AF224733","aadA9_1_AJ420072","aadA11_1_AY144590","aadA13_1_AY713504","aadA16_1_EU675686","aadA24_1_AM711129","ant(6)-Ia_2_KF421157","aph(3')-III_1_M26832","ant(9)-Ia_1_X02588","aph(3'')-Ib_2_AF024602","str_1_X92946","blaZ_12_M15195","blaCARB-2_1_M69058","erm(A)_1_X03216","erm(B)_10_U86375","erm(C)_12_Y09003","erm(F)_3_M17808","erm(X)_2_X51472","erm(X)_4_NC_005206","mef(A)_3_AF227520","mef(A)_4_HG423652","msr(D)_2_AF274302","msr(D)_3_AF227520","msr(E)_1_FR751518","ole(C)_1_L06249","lnu(A)_1_M14039","lnu(F)_3_AJ561197","mph(B)_1_D85892","mph(E)_1_DQ839391","lnu(G)_1_KX470419","mef(A)_1_AJ971089","mef(A)_2_U83667","catB10_1_AJ878850","cat86_1_K00544","cat(pC194)_1_NC_002013","floR_2_AF118107","fexA_1_AJ549214","catA1_1_V00622","cmx_1_U85507","cfr_1_AM408573","sul1_9_AY963803","sul2_2_AY034138","tet(33)_1_AY255627","tet(31)_1_GQ283908","tet(A)_4_AJ517790","tet(G)_1_AF133139","tet(G)_2_AF133140","tet(L)_1_HM235948","tet(L)_2_M29725","tet(Z)_1_AF121000","tet(Y)_1_EF495198","tet(X)_2_M37699","tet(W)_5_AJ427422","tetB(P)_1_NC_010937","dfrK_2_FN677369","dfrA20_1_AJ605332","dfrB3_1_X72585","dfrA1_5_EU089668","dfrA1_8_X00926","dfrD_1_Z50141","aph(3'')-Ib_4_AF313472","ant(2'')-Ia_1_X04555","aph(3')-Ia_3_EF015636","aac(3)-IId_1_EU022314","aadA1_4_JQ480156","aadA4_1_Z50802","aadA10_1_U37105","ant(6)-Ib_1_FN594949","aph(4)-Ia_1_V01499","aac(3)-IIa_3_X13543","blaOXA-347_1_ACWG01000053","blaOXA-2_1_DQ112222","blaOXA-58_1_AY665723","cfxA3_1_AF472622","blaIMP-27_1_JF894248","blaOXA-20_2_AF024602","blaCARB-16_1_HF953351","dldHA2X_1_AL939117","erm(Q)_1_L22689","erm(X)_3_U21300","erm(35)_1_AF319779","lnu(C)_1_AY928180","lnu(D)_1_EF452177","lnu(F)_1_EU118119","erm(33)_1_AJ579365","lnu(B)_2_JQ861959","mph(N)_1_KF648874","lsa(E)_1_JX560992","cmlA1_1_M64556","catQ_1_M55620","tet(39)_1_KT346360","tet(44)_1_NZ_ABDU01000081","tet(40)_1_FJ158002","tet(36)_1_AJ514254","tet(T)_2_AY660530","tet(A)_6_AF534183","tet(C)_2_AY046276","tet(B)_1_AP000342","tet(H)_3_Y15510","tet(M)_12_FR671418","tet(Q)_1_L33696","tetA(P)_2_L20800","tet(X5)_1_CP040912","dfrA5_1_X12868","dfrB7_1_DQ993182","dfrA16_2_AF174129","dfrA7_1_AB161450","dfrA36_1_CP038791","grmO_1_AY524043","aadD_2_M19465","aph(3')-IIa_2_V00618","ant(6)-Ia_3_KF864551","aph(3')-Ia_1_V00359","aac(3)-IV_1_DQ241380","blaTEM-1A_1_HM749966","blaPME-1_1_HQ541434","catB3_2_U13880","tet(33)_2_DQ390458","tet(42)_1_EU523697","tet(L)_5_X08034","tet(Q)_2_X58717","dfrA14_1_KF921535","WP_037458010.1 WP_037458010.1 DNA starvation/stationary phase protection protein [Skermanella stibiiresistens] [dpsA]","aadA13_2_NC010643","aph(3')-Ia_10_EU855787","aadA2_2_JQ364967","aadA3_1_AF047479","aadA12_1_AY665771","str_2_FN435330","blaOXA-366_1_KP050485","blaTEM-1B_1_AY458016","blaIMP-33_1_JN848782","blaOXA-282_1_APQS01000019","blaOXA-285_1_APRY01000059","erm(A)_2_AF002716","erm(F)_4_M62487","erm(36)_1_AF462611","cmr_1_U43535","catB2_1_AF047479","tet(X)_1_GU014535","tet(O/W)-1_1_AY485126","tet(X3)_1_MK134375","dfrA1_12_AY141977","dfrA7_5_AJ419170","ant(2'')-Ia_9_HM367610","cfxA5_1_AY769934","dfrA14_4_AF393510","ant(2'')-Ia_6_AJ871915","aadA1_5_JX185132","blaOCH-6_1_AJ295344","fosA2_1_EU487198","erm(34)_1_AY234334","sul1_37_AF188331","dfrA1_10_AF203818","tet(T)_1_L42544","blaTEM-122_1_AY307100","cfxA_1_U38243","aadA14_1_AJ884726","aadA17_1_FJ460181","aph(3')-Id_1_Z48231","aadA8b_1_AY139603","blaCARB-5_1_AF135373","VanHOX_1_KF478993","qnrB10_2_HM439644","sul1_5_EU780013","sul1_23_AJ621187","tet(K)_1_U38656","dfrA14_5_DQ388123","aadA6_1_AF140629","tet(45)_1_JF837331","erm(G)_1_M15332","ant(4')-Ib_1_AJ506108","erm(O)_1_M74717","blaOCH-7_1_AJ295345","erm(42)_1_FR734406","floR_1_AF071555","tet(X)_3_AB097942","tet(W)_2_AY049983","aph(6)-Id_3_AB109805","aac(3)-IIc_1_X54723","aac(6')-31_1_AM283489","blaACT-12_1_JX440355","blaIMP-13_1_AJ550807","dfrB3_2_FM877478","tet(C)_3_AF055345","aadK_1_M26879","tet(X6)_1_MN507533","aph(2'')-Ic_1_U51479","aph(3')-VIa_1_X07753","blaOXA-20_1_AY307114","blaTEM-1C_1_FJ560503","cat_5_U35036","tet(M)_8_X04388","aadA1_3_JQ414041","aadA15_1_DQ393783","blaOXA-2_2_GQ466184","blaACI-1_1_AJ007350","blaCARB-4_1_U14749","mef(B)_1_FJ196385","ere(A)_1_AY183453","ere(A)_5_FN396877","mdt(A)_1_X92946","catS_1_X74948","qnrVC6_1_KC202804","sul1_32_EF592571","tet(32)_1_EU722333","tet(44)_2_FN594949","tet(O)_3_Y07780","tet(Q)_4_Z21523","tet(O/W)_5_AM889122","tet(O/32/O)_5_FP929050","dfrA15_2_AF221900","dfrB1_2_AM993098","dfrA1_9_AJ238350"
"Sample_1",2893,448,11,482,1105,4,100,6,704,44,23,56,103,81,28,21,15,4,95,1287,49,37,3,16,16,21,30,4,8,152,28,17,11,10,76,21,13,13,14,16,60,54,13,6,5,521,23,6,136,7,1338,468,119,4,11,94,154,24,71,8,8,32,39,6,2,6,4,4,92,3,0,0,0,0,0,0,0,0,0,0,0,0,0,0,0,0,0,0,0,0,0,0,0,0,0,0,0,0,0,0,0,0,0,0,0,0,0,0,0,0,0,0,0,0,0,0,0,0,0,0,0,0,0,0,0,0,0,0,0,0,0,0,0,0,0,0,0,0,0,0,0,0,0,0,0,0,0,0,0,0,0,0,0,0,0,0,0,0,0,0,0,0,0,0,0,0,0,0,0,0,0,0,0,0,0,0,0,0,0,0,0,0,0,0,0,0,0,0,0,0,0,0,0,0,0,0,0,0,0,0,0,0,0,0,0,0,0,0,0,0,0,0,0,0,0,0,0,0,0,0,0,0,0,0
"Sample_10",2398,333,17,363,1351,3,152,19,661,16,35,38,98,103,72,30,16,6,20,1444,26,17,3,0,18,14,68,0,31,92,21,11,7,35,63,2,2,6,37,7,33,34,3,3,6,872,0,6,124,4,1039,621,106,3,0,95,144,12,46,8,13,52,50,9,0,8,3,0,104,0,19,1,2,8,73,1,0,2,3,12,5,2,10,6,1,2,11,18,0,4,6,1,2,9,4,3,4,5,5,2,5,6,2,10,3,21,1,0,9,10,6,26,17,3,2,2,6,0,0,0,0,0,0,0,0,0,0,0,0,0,0,0,0,0,0,0,0,0,0,0,0,0,0,0,0,0,0,0,0,0,0,0,0,0,0,0,0,0,0,0,0,0,0,0,0,0,0,0,0,0,0,0,0,0,0,0,0,0,0,0,0,0,0,0,0,0,0,0,0,0,0,0,0,0,0,0,0,0,0,0,0,0,0,0,0,0,0,0,0,0,0,0,0,0,0,0,0,0,0,0,0,0,0,0
"Sample_11",2270,273,13,365,1359,0,271,37,656,21,22,41,110,108,63,19,17,3,11,1509,7,25,2,5,10,12,81,0,12,95,19,4,5,51,70,5,3,11,43,4,32,0,12,4,3,816,5,6,109,0,1094,645,97,2,23,113,128,14,36,7,16,50,43,4,0,18,7,4,139,0,0,5,5,0,74,0,0,2,6,4,1,0,18,8,0,0,12,0,0,5,6,0,0,11,0,1,0,0,0,0,8,0,0,4,3,0,0,1,8,5,10,14,29,3,3,4,3,0,1,0,1,1,8,2,4,2,3,29,2,2,2,6,8,0,0,0,0,0,0,0,0,0,0,0,0,0,0,0,0,0,0,0,0,0,0,0,0,0,0,0,0,0,0,0,0,0,0,0,0,0,0,0,0,0,0,0,0,0,0,0,0,0,0,0,0,0,0,0,0,0,0,0,0,0,0,0,0,0,0,0,0,0,0,0,0,0,0,0,0,0,0,0,0,0,0,0,0,0,0,0,0,0,0,0
"Sample_12",2817,182,17,0,1221,0,204,19,616,12,24,49,102,102,41,23,17,5,23,1298,13,13,7,0,9,12,70,0,10,60,12,7,10,45,49,13,5,8,51,2,15,20,1,1,4,643,5,5,176,0,1337,491,106,2,0,81,142,11,21,13,18,37,74,10,0,12,0,0,99,0,0,8,1,0,58,0,1,0,2,2,2,0,15,11,0,0,11,0,1,4,5,0,1,9,7,2,0,2,0,0,10,5,1,1,1,22,0,0,9,8,11,20,15,2,0,3,2,1,0,3,1,2,4,0,0,0,1,58,1,0,3,1,3,2,5,500,9,7,2,1,2,2,2,1,1,0,1,0,1,13,5,1,1,5,0,0,0,0,0,0,0,0,0,0,0,0,0,0,0,0,0,0,0,0,0,0,0,0,0,0,0,0,0,0,0,0,0,0,0,0,0,0,0,0,0,0,0,0,0,0,0,0,0,0,0,0,0,0,0,0,0,0,0,0,0,0,0,0,0,0,0,0,0,0
"Sample_13",2131,293,10,308,1854,0,108,15,528,15,27,33,99,103,58,11,14,3,44,2105,23,36,4,0,12,42,81,0,10,142,46,16,12,23,84,13,0,6,25,2,68,0,23,12,0,586,15,3,82,0,1002,419,72,5,0,110,165,30,67,4,14,47,51,10,0,14,0,0,97,0,0,0,0,0,0,0,0,0,0,11,7,0,0,0,0,0,3,0,0,3,4,0,0,0,10,0,0,0,0,0,2,0,0,4,0,20,0,0,4,13,7,18,24,6,6,0,0,0,0,0,0,0,0,0,0,0,0,0,0,0,0,0,0,0,0,0,0,0,0,0,0,0,0,0,0,0,0,0,0,0,0,0,0,0,4,3,2,0,0,0,0,0,0,0,0,0,0,0,0,0,0,0,0,0,0,0,0,0,0,0,0,0,0,0,0,0,0,0,0,0,0,0,0,0,0,0,0,0,0,0,0,0,0,0,0,0,0,0,0,0,0,0,0,0,0,0,0,0,0,0,0,0,0,0
"Sample_14",2733,263,9,382,1161,0,158,12,699,21,21,37,108,129,71,25,18,2,11,1336,11,32,3,0,16,14,80,0,10,76,13,8,4,25,76,9,3,10,24,3,27,26,3,5,2,731,1,3,149,0,1270,523,84,5,0,116,147,19,30,10,19,77,40,4,0,18,4,0,112,0,0,5,1,0,0,0,2,2,0,0,5,0,5,6,0,0,6,0,0,5,8,2,0,5,8,0,0,3,2,0,7,3,0,5,1,20,0,0,3,1,3,14,25,4,2,4,4,0,0,0,1,0,0,0,0,3,0,40,0,0,0,0,0,6,0,0,0,0,0,0,0,0,0,0,0,0,3,0,0,16,1,0,0,0,0,0,1,1,108,0,1,1,1,1,0,0,0,0,0,0,0,0,0,0,0,0,0,0,0,0,0,0,0,0,0,0,0,0,0,0,0,0,0,0,0,0,0,0,0,0,0,0,0,0,0,0,0,0,0,0,0,0,0,0,0,0,0,0,0,0,0,0,0,0
"Sample_15",2097,231,22,324,1404,0,288,27,574,14,21,35,107,101,35,39,28,0,24,1584,20,45,0,0,15,42,66,0,13,186,41,21,15,99,115,14,4,8,117,7,71,60,6,12,9,777,0,4,86,0,914,611,76,3,0,84,128,34,106,8,25,20,83,9,0,21,9,0,171,2,0,0,5,0,0,0,0,0,0,0,6,0,15,13,0,0,7,0,0,0,5,0,0,8,10,0,0,0,0,0,11,0,0,0,0,18,0,0,8,13,0,20,23,4,0,0,0,4,0,0,0,0,4,0,0,0,0,27,0,0,0,0,0,0,0,0,0,0,0,0,4,0,0,0,0,0,0,0,0,62,0,0,0,0,0,0,0,0,0,0,0,0,0,0,4,0,0,0,0,0,0,0,0,0,0,0,0,0,0,0,0,0,0,0,0,0,0,0,0,0,0,0,0,0,0,0,0,0,0,0,0,0,0,0,0,0,0,0,0,0,0,0,0,0,0,0,0,0,0,0,0,0,0,0
"Sample_16",2565,242,9,0,1085,0,294,23,710,19,28,43,69,136,57,38,42,13,27,1239,39,22,3,15,19,17,73,0,12,137,37,9,17,50,70,9,2,22,57,9,56,54,0,5,0,737,0,7,108,0,1144,640,135,10,25,62,83,16,57,6,24,43,33,6,1,13,5,0,151,0,0,11,0,0,0,0,0,0,3,0,5,0,12,0,0,0,0,0,0,22,8,4,4,10,0,9,0,7,3,4,7,0,0,5,5,0,0,0,8,28,29,0,0,10,1,8,11,0,0,4,0,0,0,0,0,0,0,0,0,0,8,2,0,0,0,463,0,0,0,0,0,0,0,0,0,0,0,0,0,0,0,0,0,0,0,0,0,0,0,0,0,0,0,0,0,3,10,0,0,0,0,0,0,0,0,0,0,0,0,0,0,0,0,0,0,0,0,0,0,0,0,0,0,0,0,0,0,0,0,0,0,0,0,0,0,0,0,0,0,0,0,0,0,0,0,0,0,0,0,0,0,0,0,0
"Sample_17",2237,401,10,179,1196,0,258,20,718,24,28,37,113,115,55,19,22,7,25,1346,26,11,12,8,20,12,85,0,6,42,12,10,4,28,33,11,5,12,41,4,15,23,8,2,2,825,3,6,121,0,1063,704,83,7,0,106,151,9,32,15,19,56,45,5,0,26,1,4,185,0,0,6,8,0,86,0,0,0,4,0,8,0,12,12,0,0,0,0,0,4,2,1,2,6,0,2,0,2,0,3,5,4,0,2,4,27,2,3,17,7,7,11,29,5,1,8,3,3,0,3,2,2,7,0,1,2,2,25,0,0,3,0,0,0,0,0,0,0,0,0,0,0,0,0,0,1,0,0,1,0,1,1,0,0,0,0,0,0,0,0,0,0,0,0,0,0,0,1,160,1,8,8,4,1,144,0,1,0,0,0,0,0,0,0,0,0,0,0,0,0,0,0,0,0,0,0,0,0,0,0,0,0,0,0,0,0,0,0,0,0,0,0,0,0,0,0,0,0,0,0,0,0,0,0
"Sample_18",2345,279,9,370,1320,0,215,23,640,17,30,31,103,118,46,19,17,1,18,1459,21,14,4,0,20,21,77,0,10,102,28,13,10,34,53,9,5,10,52,10,46,41,8,3,5,827,5,0,130,0,1024,631,91,6,0,98,127,16,59,9,14,52,45,8,1,16,4,0,151,0,0,6,3,0,50,1,1,3,3,0,8,0,14,0,0,0,9,0,0,8,5,0,0,9,10,6,0,0,1,1,6,6,2,5,0,12,0,0,9,14,8,8,27,11,0,3,5,0,0,2,0,1,4,0,2,0,1,29,0,0,4,0,0,0,0,88,0,0,0,0,0,0,0,0,0,0,0,0,0,0,0,0,0,0,0,0,2,0,0,0,0,0,0,0,4,0,14,0,0,0,0,0,0,0,0,1,0,0,5,2,0,0,0,0,0,0,0,0,0,0,0,0,0,0,0,0,0,0,0,0,0,0,0,0,0,0,0,0,0,0,0,0,0,0,0,0,0,0,0,0,0,0,0,0
"Sample_19",2418,261,22,0,1399,0,189,12,607,23,21,41,103,93,42,21,17,4,23,1577,26,28,7,0,15,70,76,0,25,138,26,10,15,36,78,7,4,9,46,8,59,0,7,5,7,678,0,5,112,0,1078,552,89,3,0,102,146,44,144,12,17,59,58,9,0,12,0,0,142,3,0,0,0,0,0,0,0,0,0,0,6,2,6,0,0,0,0,0,0,8,3,0,0,6,19,0,0,0,0,0,7,0,0,4,2,25,0,0,7,13,10,23,0,6,5,4,6,0,0,4,0,0,0,0,1,0,8,0,0,0,0,0,0,0,0,321,0,0,10,0,0,7,0,0,0,0,0,0,0,0,0,0,0,0,0,6,0,3,0,0,0,0,0,0,0,0,0,0,0,0,6,6,0,0,0,0,0,0,0,6,3,0,0,0,0,0,0,0,0,0,0,0,0,0,0,0,0,0,0,0,0,0,0,0,0,0,0,0,0,0,0,0,0,0,0,0,0,0,0,0,0,0,0,0
"Sample_2",1893,342,21,163,1562,0,283,38,731,9,32,44,85,77,79,17,10,3,14,1731,13,30,0,0,13,28,36,0,32,147,18,14,0,59,68,14,0,2,63,5,50,42,7,9,0,830,0,0,144,0,938,692,93,4,0,115,147,15,52,8,12,30,51,9,0,9,4,0,109,0,0,0,8,0,102,0,0,0,3,5,3,0,24,0,0,2,13,0,0,2,0,1,0,6,0,0,0,0,0,0,11,0,0,11,0,16,0,3,13,7,11,25,0,0,14,2,0,0,0,0,2,0,0,0,0,0,0,0,0,0,0,0,0,0,0,0,0,0,0,0,6,0,0,0,0,0,0,0,0,0,0,0,0,0,0,0,0,3,0,0,0,0,0,0,0,0,12,0,0,0,8,0,13,0,0,0,0,0,10,0,0,1,0,0,0,0,0,0,0,0,0,0,0,0,0,0,0,0,0,0,0,0,0,0,0,0,0,0,0,0,0,0,0,0,0,0,0,0,0,0,0,0,0,0
"Sample_20",2376,250,13,399,1400,0,171,14,662,21,22,34,113,101,50,14,16,7,25,1553,15,22,3,0,10,84,97,0,9,130,28,19,14,40,97,9,3,9,30,3,47,0,1,5,16,601,8,1,119,0,1087,552,100,1,0,97,122,43,112,7,15,62,50,7,3,20,9,3,123,10,0,9,3,0,62,0,0,0,2,7,5,0,10,8,0,0,5,0,0,5,5,1,0,9,6,0,0,0,4,0,5,1,0,4,0,23,0,0,7,15,9,17,22,3,11,0,2,0,0,9,0,0,8,1,0,0,0,0,0,0,0,3,0,0,0,0,0,0,0,0,0,0,0,0,0,0,3,0,2,0,0,0,0,0,0,0,0,0,0,0,0,0,0,0,0,0,0,0,0,0,0,0,7,0,0,0,0,0,0,4,0,0,2,0,0,0,0,0,0,0,0,0,0,0,0,0,0,0,0,0,0,0,0,0,0,0,0,0,0,0,0,0,0,0,0,0,0,0,0,0,0,0,0,0
"Sample_21",2809,279,14,384,1089,0,118,9,650,27,27,46,138,139,63,21,13,5,21,1278,14,0,1,0,14,17,168,0,18,27,9,7,8,20,29,8,5,6,20,3,15,0,2,2,0,704,2,6,136,0,1302,585,85,1,0,104,177,23,37,7,14,76,54,3,0,10,0,6,110,3,0,7,2,0,0,1,1,0,1,0,3,0,3,12,0,0,3,0,0,11,5,1,2,11,4,0,0,3,4,2,5,3,0,10,0,19,0,1,0,10,12,12,30,13,0,17,3,0,0,8,1,3,0,0,0,4,1,32,0,0,2,0,0,0,0,103,8,0,0,0,0,0,0,0,0,2,0,0,0,28,0,0,0,0,0,0,0,0,0,0,0,0,0,0,0,0,0,0,0,0,0,0,0,0,0,0,0,2,3,1,0,0,0,1,2,2,1,0,0,0,0,0,0,0,0,0,0,0,0,0,0,0,0,0,0,0,0,0,0,0,0,0,0,0,0,0,0,0,0,0,0,0,0,0
"Sample_22",2302,336,14,422,1206,5,83,13,706,18,25,43,93,76,91,16,29,8,31,1396,13,48,0,0,12,66,31,0,8,252,51,20,29,14,259,5,0,9,13,10,100,0,12,14,9,538,0,0,120,0,1274,475,112,0,0,101,150,58,184,9,13,37,57,8,0,11,15,0,49,3,0,0,0,0,0,0,0,0,5,4,0,0,0,0,0,0,0,79,0,5,0,0,0,8,13,0,0,0,0,0,0,0,0,4,0,18,0,0,0,0,0,0,0,0,11,4,0,0,0,9,0,0,0,0,0,4,0,43,0,0,0,0,31,0,0,0,0,0,0,0,0,0,0,0,0,0,0,0,0,0,0,0,0,0,0,0,0,0,0,0,0,0,0,0,0,0,0,0,0,0,0,0,30,0,0,0,0,0,0,6,0,0,7,0,0,0,0,0,0,0,0,0,0,0,0,0,0,0,0,0,0,0,0,0,0,0,0,0,0,0,0,0,0,0,0,0,0,0,0,0,0,0,0,0
"Sample_23",2317,276,14,380,1281,0,152,11,633,20,28,45,107,103,49,17,17,0,21,1493,13,52,4,0,14,91,61,0,8,154,37,21,14,16,147,3,4,6,31,4,54,44,11,17,0,641,7,5,152,0,1339,510,93,0,0,110,172,46,132,13,18,46,45,7,0,7,0,0,62,4,0,1,0,0,0,0,0,0,1,0,6,0,4,7,0,0,0,0,0,9,3,0,2,8,14,0,1,4,0,2,0,0,0,0,0,23,0,0,3,13,4,16,0,1,6,2,6,0,0,0,0,0,0,0,0,0,0,0,0,0,0,0,0,0,0,0,0,0,0,0,0,0,0,0,0,0,0,0,0,0,0,0,0,0,0,0,0,6,0,0,0,0,0,0,0,0,0,0,0,0,0,0,55,0,0,0,0,3,0,0,4,0,0,0,0,0,0,0,0,0,0,0,0,0,0,0,0,0,0,0,0,0,0,0,0,0,0,0,0,0,0,0,0,0,0,0,0,0,0,0,0,0,0,0
"Sample_24",2632,308,19,0,1290,0,141,17,721,9,22,40,97,92,102,18,15,5,15,1441,22,8,2,0,11,10,71,0,11,40,9,4,10,21,51,5,4,9,29,5,20,15,3,2,1,593,2,2,152,0,1286,557,98,4,0,99,144,9,36,5,14,59,59,8,0,9,4,0,96,3,0,3,3,0,0,0,4,2,2,10,7,0,4,0,0,0,6,0,0,9,1,0,1,9,3,1,0,3,3,0,8,1,0,4,0,23,0,3,4,7,5,15,10,5,0,1,2,1,0,1,2,1,1,2,0,5,0,42,0,0,0,0,0,2,0,415,0,0,0,0,0,0,0,0,0,0,0,1,0,0,0,0,0,0,0,4,0,0,136,0,0,0,1,0,0,0,0,0,0,0,8,0,4,0,0,2,0,0,0,0,0,0,0,0,0,0,0,0,2,6,0,0,1,1,0,0,0,0,0,0,0,0,0,0,0,0,0,0,0,0,0,0,0,0,0,0,0,0,0,0,0,0,0,0
"Sample_3",2168,405,9,151,1235,0,139,21,699,13,42,67,119,85,86,37,6,2,13,1490,0,20,5,3,11,5,60,0,58,82,12,9,4,24,68,0,3,4,24,5,23,0,0,2,1,1103,0,3,142,0,1048,827,104,10,0,101,131,4,34,10,22,44,51,3,0,4,7,0,100,0,0,5,9,0,109,1,0,0,3,14,4,0,7,6,1,0,11,0,0,8,7,0,0,6,0,0,0,1,1,0,5,0,4,6,0,14,0,2,10,9,12,0,25,0,0,4,0,0,0,0,0,0,0,0,0,0,0,0,0,0,0,0,0,0,0,0,0,0,0,0,2,0,0,0,0,0,0,2,0,11,0,0,0,0,0,0,0,0,0,0,0,0,0,0,0,0,0,0,116,0,8,0,0,0,0,0,0,0,0,0,0,0,0,0,0,0,0,0,0,0,0,0,0,1,1,0,0,0,0,0,0,0,0,0,0,0,0,0,0,0,0,0,0,0,0,0,0,0,0,0,0,0,0,0
"Sample_4",2401,261,10,177,1343,0,165,13,682,15,21,54,103,128,55,25,15,7,22,1479,25,21,7,11,13,12,84,0,18,91,24,16,9,26,72,12,9,2,36,1,37,41,4,0,0,825,0,6,133,0,1180,686,80,7,0,99,142,13,41,6,19,57,42,10,0,8,0,0,127,0,0,0,0,0,0,0,4,0,0,4,0,0,7,8,0,0,0,0,0,5,7,0,0,17,0,2,0,0,3,0,4,0,0,5,0,21,2,0,7,12,4,22,0,7,0,6,1,0,0,0,4,0,0,0,0,4,0,0,0,0,3,0,0,0,0,0,0,0,0,0,1,0,0,0,0,0,0,0,0,0,0,0,0,0,0,0,0,4,132,0,0,0,0,0,0,0,0,0,0,0,9,3,0,0,0,0,0,0,0,0,2,0,0,0,0,0,0,0,0,0,2,0,6,0,0,2,35,0,0,0,0,0,0,0,0,0,0,0,0,0,0,0,0,0,0,0,0,0,0,0,0,0,0,0
"Sample_5",2095,206,13,0,1520,0,244,31,585,21,17,39,109,103,38,27,25,8,24,1726,22,56,0,0,14,24,59,0,0,161,34,12,16,45,111,25,0,8,50,6,52,42,7,5,5,720,0,5,125,0,1056,565,83,7,27,102,142,16,63,8,18,51,53,9,0,0,17,4,121,0,0,6,0,0,66,0,0,7,0,0,4,0,13,0,0,0,10,0,0,0,0,5,0,0,8,0,0,5,0,0,10,6,0,0,0,0,0,0,16,10,9,17,0,0,10,0,0,0,0,0,0,0,0,0,4,0,0,0,0,0,0,0,0,0,0,361,0,0,0,0,0,0,0,0,0,0,0,0,0,18,0,0,0,0,0,0,3,0,0,0,0,0,0,0,0,0,18,0,0,0,0,0,0,0,0,0,0,0,0,0,0,0,0,0,0,0,0,0,0,0,0,0,0,0,0,0,0,0,0,0,0,0,0,0,0,0,0,0,0,0,0,0,0,0,0,0,0,0,0,0,0,0,0,0
"Sample_6",2632,198,14,454,1136,0,200,16,625,22,25,47,100,112,42,29,23,7,26,1277,30,34,5,17,16,32,60,0,11,202,35,20,13,30,105,6,0,14,38,11,68,65,6,5,9,685,0,0,156,0,1267,537,115,6,0,90,125,21,75,13,26,49,51,8,0,20,6,0,100,0,0,5,4,0,61,0,0,0,0,0,5,0,0,0,0,0,0,0,0,11,0,0,4,9,0,7,0,0,0,0,0,0,0,4,5,22,0,1,7,11,4,0,0,10,6,0,4,0,0,5,0,0,0,0,0,0,0,0,0,0,0,5,0,0,0,0,0,0,0,0,0,0,0,0,0,0,0,0,0,0,0,0,0,0,0,0,0,0,0,0,0,0,0,0,0,0,12,0,0,0,0,0,12,0,0,2,0,0,0,0,0,0,0,0,0,0,0,0,0,0,0,0,0,0,0,0,0,0,0,0,0,0,0,0,0,0,0,0,0,0,0,0,0,0,0,0,0,0,0,0,0,0,0,0
"Sample_7",2173,435,13,144,1280,0,198,19,631,11,25,43,109,100,69,18,20,3,18,1529,22,26,0,0,10,22,67,0,34,131,28,13,16,38,78,9,0,6,30,2,55,0,4,7,4,1025,0,3,143,0,1035,738,93,0,25,92,140,20,58,7,12,46,42,7,0,5,7,3,129,3,0,4,7,0,0,0,0,0,0,0,5,0,7,6,0,0,0,0,0,5,4,0,0,8,0,0,0,0,0,0,6,0,0,0,0,0,0,0,10,8,6,20,0,6,3,0,0,0,0,0,0,0,0,0,0,3,0,0,0,0,0,0,0,0,0,0,0,0,0,0,0,0,0,0,0,0,0,0,0,0,0,0,0,0,0,0,0,0,0,0,0,0,0,0,0,0,0,0,151,0,0,8,0,0,0,0,0,0,0,0,0,0,0,0,0,0,0,0,0,0,0,0,0,0,0,0,43,0,0,0,0,0,0,0,0,0,0,0,0,0,0,0,0,0,0,0,0,0,0,0,0,0,0,0
"Sample_73",2365,227,5,586,1169,0,217,14,656,36,18,85,67,114,41,33,12,2,38,1399,35,6,3,8,10,4,45,0,32,34,15,10,6,36,13,26,2,9,49,8,16,0,4,2,2,646,14,2,279,2,1446,588,175,4,0,61,79,6,16,14,25,28,47,2,0,12,3,0,138,0,17,8,4,0,66,0,0,4,4,0,5,0,6,9,0,0,12,0,0,8,3,0,4,4,0,3,1,2,4,1,3,5,0,4,0,18,0,1,13,0,9,9,15,3,2,3,0,0,0,1,2,0,4,0,0,0,0,44,0,0,1,3,0,0,0,0,11,0,0,0,0,0,0,0,0,0,0,3,0,0,0,0,0,0,0,0,0,0,0,0,0,0,0,0,0,0,0,0,0,0,0,0,0,0,0,0,0,0,1,0,0,0,0,0,0,0,0,2,0,0,0,0,0,0,0,0,0,1,2,0,3,2,7,0,0,0,0,0,0,0,0,0,0,0,0,0,0,0,0,0,0,0,0,0
"Sample_75",1859,163,6,0,1598,0,27,3,650,31,37,33,67,77,19,42,54,2,4,1758,8,0,0,2,18,0,97,0,1,39,89,47,22,4,0,4,28,34,6,7,33,79,1,0,1,387,1,6,100,0,990,612,66,4,0,68,99,18,1,5,65,71,300,7,0,23,0,0,96,0,0,1,0,0,0,0,0,41,1,0,0,0,3,0,0,2,0,0,0,1,3,17,4,84,0,10,8,16,1,30,1,150,16,8,0,36,4,7,0,277,83,12,19,0,0,2,0,2,0,0,0,7,0,0,0,0,0,20,0,0,35,0,0,2,0,177,0,0,0,0,0,4,0,0,0,1,0,1,0,10,16,0,0,0,0,39,0,0,0,0,0,0,2,0,0,0,0,0,160,0,15,2,0,0,0,1,0,0,8,0,0,0,0,0,0,0,1,10,5,0,0,0,8,0,0,0,0,0,0,0,0,0,72,19,0,0,0,1,0,0,3,1,0,0,0,4,4,8,2,28,8,0,1,0
"Sample_8",2385,233,9,402,1153,0,155,14,671,20,16,38,92,134,73,39,22,5,17,1410,19,34,7,11,17,29,96,0,7,167,30,14,11,29,64,4,0,8,29,7,64,0,0,6,0,782,0,0,112,0,1180,586,102,6,24,100,152,16,83,10,21,22,65,7,0,23,9,0,151,0,0,7,0,0,0,0,0,0,0,4,7,0,8,10,0,0,0,0,0,10,4,3,4,13,0,3,0,2,0,0,0,3,0,0,0,0,0,0,5,0,10,14,0,9,9,5,0,2,0,0,0,0,0,0,0,3,6,0,0,0,0,6,11,0,0,0,0,0,0,0,0,0,0,0,0,0,0,0,3,61,0,0,0,0,0,0,0,0,144,0,0,0,0,0,4,0,0,0,0,0,0,0,12,0,0,0,0,0,0,0,0,0,0,0,0,0,0,0,0,0,0,0,0,0,0,0,0,0,0,0,0,0,9,0,0,0,0,0,0,0,0,0,0,0,0,0,0,0,0,0,0,0,0,0
"Sample_9",3016,220,8,453,1037,0,151,9,620,14,27,40,125,118,56,17,19,2,14,1127,22,0,12,0,14,14,139,0,7,100,25,5,7,20,41,7,8,7,21,5,39,33,3,4,3,673,6,7,130,0,1335,544,106,5,0,98,152,6,43,14,17,77,52,9,0,7,8,0,162,0,0,0,0,0,0,0,0,0,4,0,7,0,1,5,0,0,4,0,0,5,6,0,1,18,8,3,0,0,2,0,3,0,0,6,0,25,0,0,6,10,6,14,0,13,4,0,4,1,0,1,0,0,0,1,0,0,2,0,0,0,0,0,0,0,0,0,0,0,0,0,0,0,0,0,0,0,0,3,0,0,1,0,0,0,2,0,0,0,106,0,0,0,0,0,0,0,0,0,0,0,0,0,0,0,0,0,0,0,0,0,0,0,0,0,0,0,0,0,0,0,0,0,0,0,0,0,49,0,0,0,0,0,0,0,0,0,0,0,0,0,0,0,0,0,0,0,0,0,0,0,0,0,0,2
